<?xml version="1.0" encoding="UTF-8" ?>
<!DOCTYPE mapper
        PUBLIC "-//mybatis.org//DTD Mapper 3.0//EN"
        "http://mybatis.org/dtd/mybatis-3-mapper.dtd">

<!--        namespace命名空间，对应到相应的接口-->
<mapper namespace="com.cdut.mapper.ICourseMapper">

<select id="queryAll" resultType="Course">
    select * from course
</select>

<select id="queryCountryCourse" resultType="Course">
    select country_course_id,course_name,course_credit from country_course
</select>

<select id="queryNor" resultType="Course">
    select * from course where course_status=#{status}
</select>

    <select id="queryCourseById" parameterType="String" resultType="Course">
        select * from course where country_course_id=#{country_course_id}
    </select>
    <delete id="deleteById" parameterType="String" >
        delete from course where country_course_id=#{country_course_id}
    </delete>


<update id="update" parameterType="Course">
    update course set country_course_id = #{country_course_id},course_credit = #{course_credit},course_explain = #{course_explain},qualify_grade=#{course_grade},course_name=#{course_name},course_status=#{course_status},course_type=#{course_type},exam_time=#{exam_time},jifen=#{jifen},object_grade=#{object_grade},question_from=#{question_from},subject_grade=#{subject_grade},total_grade=#{total_grade} where course_id = #{course_id}
</update>
<select id="query" parameterType="String" resultType="Course">
   select * from course where course_id = #{code}
</select>
<select id="setCourse" parameterType="String">
    select * from exam_course
</select>
    <update id="startByCode" parameterType="String">
        update course set course_status ='正常' where course_id = #{code}
    </update>
    <update id="stopByCode" parameterType="String">
        update course set course_status ='停用' where course_id = #{code}
    </update>
    <insert id="insertCourse" parameterType="Course">
        insert into course values (#{course_id},#{country_course_id},#{course_name},#{course_explain},#{question_from},#{course_status},#{course_credit},#{course_grade},#{jifen},#{subject_grade},#{object_grade},#{total_grade},#{exam_time},#{course_type})
    </insert>

</mapper>