<?xml version="1.0" encoding="UTF-8" ?>
<!DOCTYPE mapper
        PUBLIC "-//mybatis.org//DTD Mapper 3.0//EN"
        "http://mybatis.org/dtd/mybatis-3-mapper.dtd">

<!--        namespace命名空间，对应到相应的接口-->
<mapper namespace="com.cdut.mapper.IMajorMapper">
    <select id="queryAllCountry_major" resultType="com.cdut.entity.Major">
        select * from country_major
    </select>
    <select id="queryAllMajor" resultType="Major_basic">
        select * from major
    </select>
    <select id="queryAllMajor_school" resultType="Major_school">
        select * from major_school
    </select>
    <select id="findMajorinfoByCode" parameterType="String" resultType="Major_basic">
        select * from major where country_major_code = #{code}
    </select>
    <update id="updateMajor" parameterType="Major_basic">
        update major set country_major_code = #{country_major_code},major_name = #{major_name},level=#{level},total_credit=#{total_credit},exam_explain=#{exam_explain},graduate_credit=#{graduate_credit},graduate_explain=#{graduate_explain},major_status=#{major_status},main_school=#{main_school},major_code=#{major_code} where country_major_code = #{country_major_code}
    </update>
    <insert id="insertMajor" parameterType="Major_basic">
        insert into major values(#{major_code},#{country_major_code},#{major_name},#{level},#{main_school},#{major_status},#{total_credit},#{graduate_credit},#{exam_explain},#{graduate_explain})
    </insert>
    <select id="queryNor" parameterType="Integer" resultType="Major_basic">
        select * from major where major_status = #{status}
    </select>
    <delete id="deleteMajor" parameterType="String">
        delete from major where country_major_code = #{country_major_code}
    </delete>
    <update id="stopByCode" parameterType="String">
        update major set major_status ='0' where country_major_code = #{country_major_code}
    </update>
    <update id="startByCode" parameterType="String">
        update major set major_status ='1' where country_major_code = #{country_major_code}
    </update>
    <update id="updateCountryMajor" parameterType="Major">
        update country_major set major_name=#{major_name},level=#{level},total_credit=#{total_credit} where country_major=#{country_major}
    </update>
    <delete id="deleteCountryMajor" parameterType="String">
        delete from country_major where country_major = #{country_major}
    </delete>
</mapper>