<?xml version="1.0" encoding="UTF-8" ?>
<!DOCTYPE mapper
        PUBLIC "-//mybatis.org//DTD Mapper 3.0//EN"
        "http://mybatis.org/dtd/mybatis-3-mapper.dtd">

<!--        namespace命名空间，对应到相应的接口-->
<mapper namespace="com.cdut.mapper.IMajorPlanMapper">

    
    <insert id="insert" parameterType="com.cdut.entity.MajorPlan" >
        insert into plan_table(plan_version,plan_name,status,create_date,approval_status,xuelichu_suggest,leader_idea,major_code) values(#{plan_version},#{plan_name},#{status},#{create_date},#{approval_status},#{xuelichu_suggest},#{leader_idea},#{major_code})
    </insert>
    <select id="queryAll" resultType="com.cdut.entity.MajorPlan">
        select * from plan_table
    </select>
    <select id="queryMajorCourse" parameterType="String" resultType="MajorPlan">
        select * from plan_table join major_course on plan_table.major_code =#{major_code}
				and major_course.major_code = #{major_code}
    </select>
    <select id="queryPlanTable" resultType="MajorPlan">
        select * from plan_table where xuelichu_suggest = '审核中'
    </select>
    <select id="queryCanPublish" resultType="MajorPlan">
        select * from plan_table where xuelichu_suggest = '通过' and leader_idea='通过'
    </select>
    <update id="publish" parameterType="Integer">
        update plan_table SET status = '已启用' where id = #{id}
    </update>
    <update id="pass" parameterType="Integer">
        update plan_table SET xuelichu_suggest = "通过" where id = #{id}
    </update>
    <update id="refuse" parameterType="Integer">
        update plan_table SET xuelichu_suggest = "拒绝" where id = #{id}
    </update>
    <update id="update" parameterType="MajorPlan">
        update plan_table SET plan_version=#{plan_version},plan_name=#{plan_name},status=#{status},create_date=#{create_date},approval_status=#{approval_status},xuelichu_suggest=#{xuelichu_suggest},leader_idea=#{leader_idea},major_code=#{major_code} where id = #{id};
        update major_course SET course_id=#{course_id},course_type=#{course_type},course_kind=#{course_kind},exam_kind=#{exam_kind},exam_type=#{exam_type},belong=#{belong} where major_code = #{major_code};
    </update>
    <select id="findById" parameterType="Integer" resultType="MajorPlan">
        select * from plan_table where id = #{id}
    </select>

</mapper>